Job Title,Description,District,Work Mode
Analista Programador Postgre/Oracle/H√≠brido,"Por encargo de nuestro cliente, importante empresa l√≠der en finanzas, nos encontramos encuentra en b√∫squeda de:\n(1) Analista Programador Postgre/Oracle\nRequisitos\nUniversitario de Ingenier√≠a de Sistemas, Inform√°tica, o afines\nExperiencia de 3 a√±os en puestos similares como m√≠nimo\nExperiencia realizando labores de Analista de Sistemas\nDesarrollador Oracle (PL/SQL) nivel avanzado, store procedures, funciones, packages\nDesarrollador BD PostgreSQL nivel avanzado\nExperiencia realizando tuning de Base de Datos\nConocimiento en Oracle Data Integrator (ODI)\nExperiencia en GCP,\nCloud Composer\n, Cloud Storage, Cloud Functions,\nData Funciton\n, Data low\nModelamiento de Base de Datos\nRecomendable que haya realizado labores como Analista Fullstack\nFunciones:\nDise√±ar, analizar y desarrollar soluciones en la Base de Datos\nRealizar la documentaci√≥n correspondiente al proyecto\nRealizar estimaciones del trabajo solicitado\nHacer las correcciones y/o mejoras de los programas realizados\nCoordinar el pase a producci√≥n\nDar soporte post-producci√≥n de la soluci√≥n\n¬øQu√© ofrecemos?\nIngreso a planilla GENERAL de la empresa.\nRemuneraci√≥n acorde al mercado\nTrabajo H√≠brido: 1 vez a la semana (jueves) asistir a las oficinas del cliente en San Borja.\nHorario: Lunes a viernes de 8:30am a 6:30pm\nEl cliente brindar√° laptop.","San Borja, Lima, Peru",H√≠brido
Analista Programador - Sede ATE,"¬°Buscamos a nuestro pr√≥ximo/a Analista Programador!\n¬øTe apasiona el desarrollo web y quieres crecer en un equipo innovador? ¬°Esta oportunidad es para ti!\n‚úÖ\nLo que har√°s:\n¬∑\nAnalizar, dise√±ar e implementar aplicaciones web alineadas a las necesidades del negocio.\n¬∑\nDocumentar de forma clara las soluciones implementadas.\n¬∑\nTrabajar en equipo con otros programadores para desplegar y respaldar c√≥digo.\n¬∑\nDetectar y resolver errores en aplicaciones existentes.\n¬∑\nAportar ideas a iniciativas de mejora continua del √°rea TI.\n‚úÖ Lo que buscamos:\n¬∑\nEgresado/a o bachiller en Ingenier√≠a de Sistemas, Inform√°tica, Software o afines.\n¬∑\nExperiencia m√≠nima de\n2 a√±os en desarrollo web full stack\n.\n¬∑\nDominio de\nPython y React\n.\n¬∑\nManejo de bases de datos relacionales:\nSQL Server, MySQL\nu otros.\n‚úÖ Lo que ofrecemos:\n¬∑\nIngreso a planilla desde el primer d√≠a (todos los beneficios de ley).\n¬∑\nEPS de libre afiliaci√≥n.\n¬∑\nCapacitaciones constantes para que sigas creciendo.","Ate, Lima, Peru",Presencial
Desarrollador Full Stack / Surco / Presencial,"En\nWell Human Resources\n, estamos en la b√∫squeda de un/a\nDesarrollador/a Web Full Stack\n, con enfoque en backend, para una importante empresa con operaciones en los sectores de servicios y marketing digital.\nRequisitos:\nEstudios Universitarios culminado relacionados al puesto.\nExperiencia de 2 a√±os en desarrollo web\nFull Stack\n, con mayor dominio en backend.\nManejo de herramientas para\nintegraci√≥n de APIs\n(Postman).\nConocimientos o experiencia previa integrando plataformas como:\nSalesforce (SFC), Active Prospect, HubSpot\n(O herramientas similares de automatizaci√≥n y gesti√≥n de leads)\nConocimientos en\nWordPress\npara ajustes en sitios web o landing pages.\nDeseable: Nivel intermedio de ingl√©s (lectura t√©cnica).\nCapacidad para trabajar de forma aut√≥noma y en equipos multidisciplinarios.\nFunciones principales:\nDesarrollo y mantenimiento de plataformas web internas y externas.\nImplementaci√≥n de integraciones API con herramientas de gesti√≥n y automatizaci√≥n.\nSoporte t√©cnico a las diferentes √°reas respecto a las herramientas digitales utilizadas.\nColaboraci√≥n con equipos de marketing, tecnolog√≠a y operaciones para la mejora continua de los canales digitales.\nBeneficios:\nRemuneraci√≥n acorde al mercado.\nIngreso a planilla con todos los beneficios de ley.\nHorario: Lunes a viernes, de 9:00 a.m. a 6:00 p.m.\nModalidad: 100% presencial (Oficinas en Surco)\nContrato: 6 meses renovables.\nBeneficios corporativos","Santiago de Surco, Lima, Peru",H√≠brido
Analista Programador Java,"Analista Programador Java\nResumen del Puesto\nEstamos buscando un\nAnalista Programador Java\ncon experiencia para unirse a nuestro equipo. El candidato ideal tendr√° un s√≥lido conocimiento de Java y experiencia en el desarrollo de aplicaciones. Buscamos una persona con disponibilidad para trabajar y colaborar en proyectos desafiantes.\nResponsabilidades\nDise√±ar, desarrollar y mantener aplicaciones utilizando Java.\nAnalizar los requisitos del sistema y dise√±ar soluciones eficientes.\nColaborar con otros desarrolladores y equipos para entregar productos de alta calidad.\nRealizar pruebas y depuraci√≥n de aplicaciones.\nDocumentar el c√≥digo y los procesos de desarrollo.\nRequisitos\nT√≠tulo en Ciencias de la Computaci√≥n o campo relacionado.\nExperiencia demostrable en programaci√≥n Java.\nConocimiento de frameworks y herramientas de desarrollo Java.\nHabilidad para trabajar en equipo y comunicarse eficazmente.\nDisponibilidad para trabajar.","Lima, Lima, Peru",H√≠brido
Desarrollador Backend Semi-Senior,"M√©trica Per√∫ es la primera filial latinoamericana del grupo de consultor√≠a espa√±ol M√©trica Consulting. El grupo comenz√≥ operaciones con el inicio del nuevo siglo y desde entonces ha participado en distintos proyectos en distintos pa√≠ses de Europa Occidental y Latino Am√©rica. Con M√©trica Per√∫, hemos comenzado a ofrecer nuestros servicios t√©cnicos en el mercado Peruano y desde ah√≠ queremos llegar a la regi√≥n andina en los pr√≥ximos a√±os.\nPor encargo de nuestro cliente nos encontramos en la b√∫squeda de un\nDesarrollador Backend\nRequisitos:\n+3 a√±os de experiencia en desarrollo de software.\n24+ con TypeScript.\nRuntime:\nüì∑\nFramework:\nüì∑\nBases de datos:\nMongoDB en AWS.\ny Custom.\nAutenticaci√≥n:\nJWT,üì∑\nTesting:\nJest (Unit test) + Supertest.\nORM:\nMongoose (MongoDB).\nContainerizaci√≥n:\nDocker.\nDeploy:\nAWS EKS.\nFlujo de trabajo:\nGit Flow Deployment (Develop, Staging QA, Main).\nCI/CD:\nGitHub Actions.\nHerramientas:\nVault, Swagger, Pino, Morgan.\nSeguridad:\nHelmet, Express Rate Limit, Npm Audit.\nMensajer√≠a y colas:\nSQS, SNS.\nStorage:\nAWS S3.\nTelemetr√≠a:\nPrometheus, Grafana.\nCode Quality:\nSonarQube.\nExperiencia en empresas del\nsector financiero\n(deseable).\nBeneficios\nRemuneraci√≥n fija superior al mercado.\nParticipar de un programa de reconocimiento.\nBuen clima laboral\nConvenios educativos, descuentos en centros comerciales, recreativos, etc.\nPertenecer a una prestigiosa empresa de tecnolog√≠a y generar lazos transnacionales.\nEn M√©trica Per√∫ estamos comprometidos con la inclusi√≥n, diversidad y equidad de g√©nero. Por ello, los procesos de selecci√≥n buscan asegurar la igualdad de derechos y oportunidades.\n¬°Si est√°s listo para dar el siguiente paso en tu carrera y te apasiona la tecnolog√≠a, esta es tu oportunidad! #ChambeaenM√©trica","Lima, Lima, Peru",H√≠brido
Desarrollador/ L√≠der T√©cnico,"En Protiviti Per√∫ buscamos un\nDesarrollador de Software\ncon experiencia liderando equipos y que quiera dar el salto profesional como\nLider Tecnico\npara uno de nuestros clientes del sector de telecomunicaciones.\nPrincipales funciones:\nLiderar al equipo t√©cnico en el desarrollo de soluciones digitales.\nDise√±ar y supervisar arquitecturas sostenibles y escalables.\nGestionar la implementaci√≥n de microservicios e integraci√≥n de sistemas.\nColaborar con equipos de negocio, arquitectura y producto.\nRequisitos:\nBachiller o egresado en Ingenier√≠a de Sistemas, Inform√°tica o afines.\nConocimientos en: Python, Angular, JavaScript, Docker, APIs REST, pruebas automatizadas.\nExperiencia en dise√±o de arquitecturas escalables y microservicios.\nOfrecemos:\nProyecto de 3 meses (Renovable)\nPresencial 100% en Sta Catalina,La Victoria ( 15min de la estaci√≥n Cultura)\nLunes a viernes de 9:00 a. m. a 6:00 p. m.\nTipo de contrato: Locaci√≥n de servicios (RxH)\nSe entrega equipo.","La Victoria, Lima, Peru",H√≠brido
"Desarrollador Full Stack Node.js, C#, Java, AngularJS","Puesto: Desarrollador Full Stack Senior\nüìç Modalidad de trabajo: H√≠brido\nüìç Sede: Surco\nRequisitos:\nEducaci√≥n m√≠nima:\nIngenier√≠a de Sistemas, Desarrollo de Software o carreras afines\nExperiencia:\nm√≠nimo 5 a√±os en desarrollo de software\nConocimientos s√≥lidos en:\nBases de datos:\nPostgreSQL, MySQL, SQL\nLenguajes y frameworks:\nNode.js, C#, Java, AngularJS\nArquitectura:\nMicroservicios\nCompetencias valoradas:\nCapacidad de an√°lisis y resoluci√≥n de problemas\nTrabajo en equipo y comunicaci√≥n efectiva\nProactividad y orientaci√≥n a resultados\nOfrecemos:\nParticipaci√≥n en proyectos desafiantes e innovadores\nAmbiente colaborativo y en constante aprendizaje\nPlan de desarrollo profesional","Lima, Lima, Peru",H√≠brido
Analista de Imagenes Hospitalarias / Sistemas,"Grupo San Pablo te invita a unirte a su equipo, donde la excelencia, el compromiso y la tecnolog√≠a de punta se combinan para ofrecer soluciones √∫nicas. Si buscas un entorno din√°mico y desafiante. ¬°Esta es tu oportunidad de\nmarcar la diferencia en la vida de las personas!\nHoy, queremos que seas parte de nuestro grupo. Buscamos un\nAnalista de Imagenes Hospitalarias/ Sistemas\npara sumarse al Grupo San Pablo y seguir brindando la mejor atenci√≥n a nuestros pacientes.\nREQUISITOS\n:\nEgresado o Bachiller de las carreras de Ingenier√≠a de Sistemas, Ing.Biomedica, Tecnologo medico o afines\nExperiencia minima de 1 a√±o en puestos afines\nConocimiento del protocolo HL7 y DICOM (deseable)\nExperiencia en el sector salud obligatorio.\nHORARIO:\nLunes a Viernes de (8:00 am a 6.30 pm) y Sabados (8:00am a 1.30 pm)\nFUNCIONES\nProgramar y mantener actualizado el Plan de trabajo.\nGestionar la obtenci√≥n y disponibilidad de todos los aspectos fiduciarios (presupuesto, adquisiciones y administrativos) que sean requeridos.\nSupervisar el grupo de trabajo de Digitalizaci√≥n de Im√°genes M√©dicas.\nCoordinar con las √°reas de Log√≠stica, Sistemas y Mantenimiento los pedidos de requerimientos que impactan en el desarrollo del proyecto.\nOtras funciones vinculadas al √°rea que su jefe indique.\nBENEFICIOS:\nSueldo acorde al mercado.\nPlanilla desde el primer d√≠a con todos los beneficios de ley. (Regimen General)\nDescuentos corporativos","Santiago de Surco, Lima, Peru",H√≠brido
Senior React Developer,"Informaci√≥n Importante\nUbicaci√≥n del cliente: Lima, Per√∫\nModalidad de trabajo: H√≠brido (2 veces por semana en oficina)\nResumen del puesto\nComo un\nSenior React Developer (17657)\n, formar√°s parte de un equipo tecnol√≥gico y √°gil altamente calificado por respaldar y desarrollar soluciones de vanguardia para cumplir con los requisitos de nuestro negocio. Nos ayudar√° a acelerar los resultados empresariales de nuestros clientes mediante la innovaci√≥n de productos digitales de vanguardia.\nResponsabilidades y Funciones\nDesarrollar y mantener aplicaciones frontend escalables utilizando ReactJS con TypeScript, asegurando integraci√≥n eficiente con APIs REST y un manejo √≥ptimo del estado global (Redux, Context API, Zustand o React Query).\nGarantizar una experiencia de usuario de alto nivel aplicando principios de dise√±o UX/UI, manteniendo buenas pr√°cticas en estilos (SASS/SCSS/LESS) y asegurando la calidad del c√≥digo mediante pruebas unitarias con Jest y React Testing Library.\nColaborar en la arquitectura y despliegue continuo del frontend, trabajando con Git/GitLab, pipelines de CI/CD y contribuyendo en la definici√≥n de arquitecturas modernas (SPA, Microfrontend, MVC) con soporte de herramientas de anal√≠tica web.\nRequisitos y Habilidades\nEgresados de sistemas, desarrollo o afines con +5 a√±os de experiencia.\nDominio de ReactJs y Typescript\nManejo de estado usando Redux, Context Api, Zustand o ReactQuery\nNextJs o Gatsby\nIntegraci√≥n con APIs REST\nPreprocesadores CSS (SASS/SCSS/LESS)\nDise√±o UX/UI\nWeb analytics (Google o Adobe analytics, Page tagging)\nUnit tests (Jest, React Testing library)\nGit, Github/GitLab\nCI/CD (Jenkins, Gitlab pipelines)\nArquitectura frontend (MVC, SPA, Microfrontend)\nAcerca de Encora\nEncora es el socio preferido de ingenier√≠a digital y modernizaci√≥n de algunas de las principales empresas del mundo y empresas nativas digitales. Con m√°s de 9,000 expertos en 47+ oficinas y laboratorios de innovaci√≥n en todo el mundo, las pr√°cticas tecnol√≥gicas de Encora incluyen Ingenier√≠a y Desarrollo de Productos, Servicios en la Nube, Ingenier√≠a de Calidad, DevSecOps, Datos y An√°lisis, Experiencia Digital, Ciberseguridad e Ingenier√≠a de IA y LLM.\nEn Encora, contratamos profesionales √∫nicamente en funci√≥n de sus habilidades y calificaciones, y no discriminamos en funci√≥n de la edad, discapacidad, religi√≥n, g√©nero, orientaci√≥n sexual, estado socioecon√≥mico o nacionalidad.",Publicado ayer,H√≠brido
Java Developer - Senior,"Actualmente nos encontramos en b√∫squeda de 02 Desarrolladores Backend Java Senior para que se integren a nuestro equipo.\nProfesional en Ingenier√≠a de Sistemas, Computaci√≥n, Inform√°tica o carreras afines.\nExperiencia m√≠nima de 6 a√±os en desarrollo con entorno Java\nConocimientos s√≥lidos en Java (Gen√©ricos, excepciones, JDBC, networking)\nExperiencia con programaci√≥n reactiva (RxJava, Webflux)\nDesarrollo de APIs REST y SOAP (JSON, XML, Swagger, OpenAPI)\nDise√±o de APIs serverless y trabajo con Azure Functions\nConocimientos en Azure (CosmosDB, Blob Storage, Data Lakes)\nDisponibilidad para trabajar en modalidad h√≠brida en el distrito Chorrillos\nBeneficios\nIncorporaci√≥n a planilla con todos los beneficios de ley\nCapacitaciones generales y espec√≠ficas de acuerdo a tu especialidad\nPlataforma Educativa Multi-idiomas (ingl√©s, franc√©s, alem√°n, entre otros)\nActividades de integraci√≥n y Wellness Programs\nDescuentos corporativos en diversos establecimientos","Chorrillos, Lima, Peru",H√≠brido
Trainee Programador Jr,"Perfil de Desarrollador/ Programador Junior\nRequisitos:\nCarreras universitarias sistemas a fines. (Egresado - Bachiller)\nProgramaci√≥n en Java, .NET u otros.\nAlta capacidad anal√≠tica\nAlto grado de manejo de algoritmos\nDisponibilidad de trabajo presencial\nBeneficios\nL√≠nea de carrera\nCapacitaciones\nEPS al 100%\nTrabajo bajo planilla","Miraflores, Lima, Peru",H√≠brido
"Programador Full Stack (Java, React)","En\nValtx\n, empresa con 24 a√±os de experiencia en el mercado peruano, cuyo objetivo principal es convertirse en un socio estrat√©gico, mediante soluciones tecnol√≥gicas en los diversos aspectos de los procesos de negocios; el desarrollo, implementaci√≥n y mantenimiento de aplicaciones e infraestructura tecnol√≥gica para el negocio; y consultor√≠a en diversos procesos de transformaci√≥n, nos encontramos en la b√∫squeda de un Programador Full Stack\nDesarrollar aplicaciones web y mobiles que cumplan buenas practicas de programaci√≥n y desarrollo seguro (Indispensable)\nElaborar documentaci√≥n t√©cnica resultante de la implementaci√≥n de requerimientos\nEspecificar, dise√±ar y mantener mecanismos para almacenar y acceder a datos.\nGarantizar la integraci√≥n y despliegue continuo de los requerimientos implementados\nImplementar soluciones de IA para desarrollar features como chatbots, reconocimiento de im√°genes o procesamiento de documentos.\n¬øQu√© requisitos necesito?\n- Egresado t√©cnico o bachiller universitario en Ingenier√≠a de Sistemas, Inform√°tica, Computaci√≥n o carreras afines.\n- 3 a√±os en integraci√≥n y desarrollo de aplicaciones como fullstack\n- 1 a√±o de experiencia en proyectos del sector financiero (deseable)\nConocimientos t√©cnicos requeridos:\n1) Frontend: Dominio Obligatorio en React, NextJS,\n2) Backend: Dominio Obligatorio en Java, Python (Deseable: Nodejs, Nestjs)\n3) Bases de Datos: Conocimiento en MongoDB, Firebase, MySQL y SQL Server\n4) Infraestructura y DevOps:\nManejo de pipelines CI/CD (GitHub Actions, Jenkins, etc.).\nConocimiento en contenedores (Docker, Kubernetes).\nDeseable:\nAPIs de Cloud: OpenAI API, Google Gemini, Azure AI Services, AWS Bedrock/AI Services.\nFrameworks de integraci√≥n: LangChain, LlamaIndex.\nBibliotecas de ML: Hugging Face transformers, TensorFlow Lite, PyTorch (para inferencia)\nConocimiento de est√°ndares de seguridad (OWASP).\nManejo de herramientas DevOps (Docker, Kubernetes, Jenkins) para automatizaci√≥n de despliegues.\n-Disponibilidad para trabajar bajo modalidad presencial de L-V en San Borja\n¬øPor qu√© Valtx?\nPorque creemos que el talento se potencia con prop√≥sito. En Valtx no solo desarrollamos tecnolog√≠a, transformamos negocios y acompa√±amos a nuestros colaboradores en su desarrollo profesional, promoviendo una cultura colaborativa, cercana y orientada a la excelencia.\n¬øEst√°s listo para construir soluciones que marcan la diferencia?\nPostula hoy y forma parte de un equipo que evoluciona contigo.","San Borja, Lima, Peru",H√≠brido
Analista Desarrollador Java - Sector Administraci√≥n de Fondos Colectivos,"En Experis Per√∫ buscamos al mejor talento para sumarse a los desaf√≠os de la era digital y llevar su carrera a un siguiente nivel. Por ello, te invitamos a que formes parte del reto como Analista Desarrollador Java en el rubro Administraci√≥n de Fondos Colectivos.\nAnalista Desarrollador Java ‚Äì Administraci√≥n de Fondos Colectivos\nRequisitos para postular al cargo:\nT√©cnico/Bachiller o Egresado en la carrera de ingenier√≠a de sistemas o afines\nConocimiento de Html, Java Script, Jquery, Css, IDE Netbeans, Bootstrap - Indispensable\nVisualStudio - Deseable\nIdioma Ingl√©s a nivel b√°sico\n2 a√±os de experiencia en Oracle PL/SQL(indispensable)\n3 a√±os de experiencia en Java(JSP).\nTrabajo presencial 100% Lunes a viernes: 8:30 a.m. a 6:00pm - S√°bado: 8:30 a 1:00pm\nFunciones principales del puesto:\nLevantamiento de requerimientos documentada.\nConvertir las necesidades del negocio en productos de software.\nImplementar soluciones tecnol√≥gicas, aplicando las buenas pr√°cticas en an√°lisis, dise√±o y desarrollo de software.\nGestionar los requerimientos asignados por el Jefe de Sistemas.\nHacer seguimiento al desarrollo/pruebas/puesta en producci√≥n de la soluci√≥n propuesta\nGestionar la demanda de los requerimientos.\nDise√±ar, codificar y probar que los m√≥dulos de los programas cumplen con las especificaciones de dise√±o.\nRevisi√≥n del listado de pruebas, ejecutar y documentar las pruebas necesarias para asegurar que una aplicaci√≥n o entorno t√©cnico cumple con los requisitos de rendimiento.\nElaborar la documentaci√≥n respectiva.\nLa empresa ofrece al candidato seleccionado:\nSalario acorde al mercado.\nCrecimiento profesional.\nPlanilla Directa cliente.\nUtilidades\nEn Experis Per√∫, promovemos la inclusi√≥n e inserci√≥n laboral sin distinci√≥n por raz√≥n de discapacidad, g√©nero, orientaci√≥n, identidad y expresi√≥n de g√©nero, lugar de origen o generaci√≥n. Por ello ¬°Todos los talentos son bienvenidos!\n.","La Victoria, Lima, Peru",H√≠brido
Desarrollador de integraci√≥n OSB,"¬°S√© parte de Stefanini!‚Äã\nEn Stefanini somos m√°s de 30.000 genios, conectados desde 41 pa√≠ses, haciendo lo que les apasiona y co-creando un futuro mejor.‚Äã\nResponsabilidades y atribuciones:\nObjetivo del rol:\nIncorporar un profesional con experiencia en integraci√≥n de servicios y APIs en entornos Cloud, para apoyar proyectos de modernizaci√≥n, despliegue de aplicaciones y gobierno de APIs.\nResponsabilidades principales\nDise√±ar, exponer y consumir APIs seguras y escalables.\nImplementar soluciones de integraci√≥n en entornos cloud y on-premise.\nAdministrar el ciclo de vida de APIs usando API Management y API Connect.\nConfigurar y optimizar clusters en AKS para despliegue de servicios.\nMantener y evolucionar integraciones en Oracle Service Bus.\nColaborar con equipos de desarrollo, arquitectura y operaciones para garantizar calidad y disponibilidad de los servicios.\nRequisitos y competencias:\nConocimientos s√≥lidos en Cloud (preferible Azure o plataformas equivalentes).\nDise√±o, desarrollo y administraci√≥n de APIs.\nAPI Management (Azure) y API Connect (IBM).\nExperiencia con AKS ‚Äì Azure Kubernetes Service.\nExperiencia con Oracle Service Bus y pr√°cticas de integraci√≥n\n/middleware.\nDeseable experiencia con microservicios y despliegue en contenedores.","Lima, Lima, Peru",H√≠brido
Desarrollador Java Senior (Azure) - Temporal,"More digital. More human. More Minsait.\nSomos una empresa l√≠der global de tecnolog√≠a y consultor√≠a digital que conecta personas, tecnolog√≠a y negocios para generar crecimiento, transformaci√≥n e impacto positivo y sostenible.\nBuscamos\nDesarrollador Java Senior (Azure) - Temporal con ganas de trabajar en nuestros equipos multidisciplinares.\n¬øCu√°l es el reto que te proponemos?\nEstar√°s en contacto continuo con las novedades tecnol√≥gicas, impulsando la transformaci√≥n digital.\nParticipar√°s en proyectos y desarrollos que tienen una alta visibilidad y que marcan la diferencia con soluciones disruptivas y especializadas para toda la cadena de valor.\n¬øQu√© esperamos por tu parte?\nIngenier√≠a de sistemas, inform√°tica, Industrial o afines.\nContar con m√≠nimo 4 a 5 a√±os de experiencia en:\nCore:\nConceptos: Clean code, SOLID, TDD, Patrones GoF\nPr√°cticas: Refactoring, Code Review, Unit Test, documentaci√≥n con UML\nProgramaci√≥n: Clases, objetos, colecciones, archivos, flujos, operadores.\nPOO: abstracci√≥n, interfaces, composici√≥n, polimorfismo, herencia\nJava: JDK 8, JDK 11.\nGit: checkout, ramas, tags, conflictos, merging\nSQL: tablas, columnas, consultas b√°sicas, agregaci√≥n, planes de ejecuci√≥n\nPruebas unitarias: JUnit, Mockito, Lombok\nSpring Boot\nConceptos de microservicios\nAutenticaci√≥n con OAuth2s y JWT\nConceptos y servicios en la nube: storage, computing, networking\nConceptos de CI/CD, devops y pipelines\nProgramaci√≥n en shell: Bash, Z shell o PowerShell\nJava: Gen√©ricos, excepciones, JDBC, networking\nMulti-threading: coordinaci√≥n, bloqueo, IPC, recursos compartidos\nPatrones de concurrencia y mejora de rendimiento\nPatrones de refactoring, patrones de SOA\nGit: reset, revert, merge vs. rebase, log\nSQL: consultas anidadas, funciones de agrupaci√≥n, tablas temporales\nDise√±o de BD relacional: vistas, vistas materializadas, procedimientos almacenados, funciones\nPruebas unitarias\nRelevant:\nProgramaci√≥n reactiva (Rx Java, Webflux)\nWeb Services SOAP, REST, JSON, XML, Swagger, OpenAPI\nSpring Boot y JPA\nDise√±o de aplicaciones y APIs serverless\nCI/CD: pipelines automatizados, YAML\nProtocolos de encriptaci√≥n y seguridad, llave p√∫blica y privada\nProgramaci√≥n en shell: variables de ambiente, argumentos, bucles y condiciones\nConcepto de base de datos NO-SQL, MongoDB\nCondiciones laborales:\nModalidad: Hibrido (presencial martes y jueves) en Los Chorrillos o La Molina.\nHorarios: De lunes a viernes de 9 am a 6 pm.\nContrato temporal 3 meses\nMotivos por los que te encantar√° ser un #Minsaiter:\nPlanilla desde el d√≠a 1\nCarrera profesional y acceso a plataforma de capacitaci√≥n adaptada a tus necesidades y motivaciones.\nEPS cubierta al 100%\nBeneficios corporativos\nMinsait, technology for a more human future!\nNuestro compromiso es promover ambientes de trabajo en los que se trate con respeto y dignidad a las personas, procurando el desarrollo profesional de la plantilla y garantizando la igualdad de oportunidades en su selecci√≥n, formaci√≥n y promoci√≥n ofreciendo un entorno de trabajo libre de cualquier discriminaci√≥n por motivo de g√©nero, edad, discapacidad, orientaci√≥n sexual, identidad o expresi√≥n de g√©nero, religi√≥n, etnia, estado civil o cualquier otra circunstancia personal o social.","Lima, Lima, Peru",H√≠brido
Software Engineer Senior,"Centro, empresa de Tecnolog√≠a, perteneciente al Grupo Gloria, como parte de su plan de crecimiento, se encuentra en la b√∫squeda de los mejores talentos para ocupar la posici√≥n de:\nSoftware Engineer Senior\nMisi√≥n:\nResponsable del desarrollo, mantenimiento y soporte a Aplicaciones Web & Mobile tanto a nivel de BackEnd y FrontEnd. Analisis t√©cnico, sinergias con seguridad de la informaci√≥n, Arquitectura e infraestructura y elaborar propuesta de como desarrollar soluciones digitales escalables y robustas. Se debe garantizar la continuidad y persistencia principalmente de la soluci√≥n de facturaci√≥n electronica del Grupo, asi como otras soluciones relacionadas.\nFunciones:\nDesarrollar tanto el BackEnd y FrontEnd de las aplicaciones Web & Mobile.\nDise√±o y desarrollo de base de datos relacional.\nMantenimiento de Aplicaciones Digitales Lecacys existentes.\nDesarrollo sobre Componentes AWS.\nImplementaci√≥n & Despliegue Continuo Basico ( DevOps )\nElaboraci√≥n de Propuesta Tecnica\nSoporte a Incidentes de Aplicaciones Existentes.\nRequisitos:\nUniversitario egresado de la carrera de Ingenier√≠a de Sistemas, Software y/o afines.\nIngles a nivel intermedio.\nMetodolog√≠a √°gil Scrum y tradicional\nDesarrollo BackEnd ( Java Sprint Boot/Quakus, VB.net, Node Js, TypeScript, JavaScript, Nest Js).\nDesarrollo FrontEnd ( React, React Native, Next, TypeScript, StoryBook , React Query )\nBase de Datos (SQL Server, PostgresSQL, Aurora DB,MySQL )\nHerramientas de Control y versiona miento de c√≥digo fuente ( BitBucket )\nImplementaci√≥n & Despliegue Continuo DevOps\nDesarrollo sobre componentes AWS\nIntegraci√≥n con sistemas legales, SAP & Seguridad de la Informaci√≥n.\nBeneficios:\n‚Ä¢ Oportunidad de desarrollo Profesional.\n‚Ä¢ EPS cubierta al 50%.\n‚Ä¢ Venta de Productos empresa a precios especiales.\n‚Ä¢ Beneficios de ley.\nCENTRO S.A. no solicita ning√∫n tipo de pago o abono para participar en los procesos de reclutamiento y selecci√≥n, ni en ninguna etapa del mismo (como referencias o verificaciones laborales). Somos una empresa incluyente, que respeta la diversidad y no hace ning√∫n tipo de discriminaci√≥n.","La Victoria, Lima, Peru",H√≠brido
Auditor en Tasador de Joyas,"Somos una importante Entidad Financiera l√≠der en el producto pignoraticio y microfinanzas, con un portafolio de diversos productos; y actualmente en crecimiento, por lo que requerimos incorporar a la compa√±√≠a\n01 Auditor en Tasador de Joyas\nque cumplan con el siguiente perfil:\nREQUISITOS:\nProfesional con estudios en Administraci√≥n, Contabilidad, Ingenier√≠a Industrial, Econom√≠a, otros.\nExperiencia 4 a√±os en tasaci√≥n de joyas en Instituciones financieras.\nCursos y certificacion de metales preciosos.\nManejo de instrumentos de tasaci√≥n de metales preciosos.\nFUNCIONES\nAplicar procedimientos de tasaci√≥n mediante t√©cnicas especializadas para determinar el valor econ√≥mico de las joyas.\nEvaluar la autenticidad y caracter√≠sticas de las piedras preciosas.\nIdentificar da√±os y desgaste , verificando si tiene rayones u otros da√±os que afecten su valor.\nRedacci√≥n de informes de auditor√≠a sobre retasaci√≥n de Joyas.\nBENEFICIOS\nRemuneraci√≥n acorde al mercado\nPlan de salud cubierto al 80% (EPS).\nBuen clima laboral\nGoce de convenios corporativos exclusivos para los colaboradores y sus familias; contamos con convenios educativos, recreativos, salud y mucho m√°s; los cuales est√°n al alcance de todos nuestros colaboradores.","San Isidro, Lima, Peru",H√≠brido
Programador Electrico,"Requisitos:\nDisponibilidad para laborar en diferentes proyectos dentro de Lima.\nDise√±ar, desarrollar y optimizar programas de control (PLC) y regularizar la maquinaria que se considera pertinente.\nConocimientos en mantenimiento y conexi√≥n de tableros el√©ctricos.\nElaboraci√≥n de tableros de fuerza y control utilizando\nAutoCAD\ny\nEPLAN\n.\nCorregir errores de programaci√≥n. Detectar posibles problemas el√©ctricos.\nProgramaci√≥n de variadores de frecuencia y arrancadores suaves\nT√©cnico o egresado en Electricidad, Electr√≥nica, Electrotecnia, Mecatr√≥nica,Automatizaci√≥n Industrial o carreras afines.\nOfrecemos:\nIngreso a planilla desde el primer d√≠a con todos los beneficios de ley.\nEstabilidad laboral y buen clima de trabajo.\nOportunidad de desarrollo profesional en una empresa s√≥lida.",Publicado hace 12 horas,H√≠brido
ANALISTA PROGRAMADOR .NET/SQLSERVER,"En iQ Project, empresa apasionada por la tecnolog√≠a, nos encontramos en la b√∫squeda del mejor talento para la posici√≥n de ANALISTA PROGRAMADOR .NET/SQLSERVER que comparta nuestra pasi√≥n y est√© listo para asumir nuevos retos.\nREQUISITOS:\nExperiencia en:\nDesarrollo de aplicaciones Web en .Net\nDesarrollo de WebServices en .Net\nSQL , DTS y Reporting services\nAplicaciones en Cloud (MS Azure)\nUso del GitHub. Trabajo con metodolog√≠as √°giles.\nDeseable experiencia en:\nSector bancario.\nDesarrollo de microservicios.\nProgramaci√≥n en Java. Angular.\nIngreso a planilla con todos los beneficios de ley\nModalidad h√≠brida",Desarrollador Genexus - Remoto,H√≠brido
Programador Frontend Senior,"Vive la experiencia SONDA\n¬°Aqu√≠ transformas tu carrera!\n¬øPor qu√© ser parte de SONDA?\nPorque al igual que t√∫, amamos lo que hacemos, tenemos pasi√≥n por la innovaci√≥n y estamos convencidos de que a trav√©s del conocimiento y de la tecnolog√≠a no solo vamos a transformar los negocios de nuestros clientes, sino tambi√©n el futuro.\nEn SONDA vivir√°s una experiencia de trabajo con diversas oportunidades de desarrollo personal y profesional. Un excelente lugar para aprender y contribuir a mejorar la calidad de vida de las personas por medio de la tecnolog√≠a.\nBuscamos a un/a Desarrollador Frontend Senior que quiera aprender y transformar su carrera, con el siguiente perfil:\nLo que har√°s:\nParticipar√°s en el desarrollo de aplicaciones Frontend de alto impacto.\nColaborar√°s en arquitecturas basadas en microservicios y tecnolog√≠as modernas.\nFormar√°s parte de un equipo multidisciplinario que impulsa la transformaci√≥n digital.\nLo que buscamos en ti:\nTitulado en Ingenier√≠a de Sistemas, Inform√°tica o carreras afines; o t√©cnico titulado en Inform√°tica o Sistemas o Computaci√≥n o carreras afines a las Tecnolog√≠as de la Informaci√≥n.\nEgresado o Titulado de maestr√≠a relacionado a tecnolog√≠as de la informaci√≥n.\nExperiencia comprobada de 7 a√±os como Desarrollador Frontend y desarrollo de software.\nExperiencia con microservicios.\nCurso o Taller en HTML5 O Java con Sprint o Hybernete o curso de Angular.\n¬øQu√© puedes esperar de nosotros?\nDesarrollo profesional y evoluci√≥n constante de tus habilidades, siempre seg√∫n tus intereses.\nUn ambiente colaborativo, diverso e innovador, que fomenta el trabajo en equipo.\n¬øQu√© ofrecemos?\nSONDA Academy, una plataforma educativa de aprendizaje constante que busca potenciar al m√°ximo tu desarrollo profesional.\nSONDA Wellness, un programa que busca apoyarte en el balance de tu vida personal y profesional, promoviendo una serie de iniciativas enfocadas en tu salud f√≠sica, mental y social.\nEPS al 100%\nUtilidades\nBono de alimentaci√≥n\n¬°Y mucho m√°s!\nDiversidad +Inclusi√≥n = Innovaci√≥n y colaboraci√≥n\nEn SONDA estamos comprometidos con la diversidad. Fomentamos un ambiente inclusivo que garantice que los talentos puedan trabajar en un entorno positivo que los invite a desarrollar su carrera profesional en igualdad de oportunidades.\nPorque sabemos que un ambiente diverso es un elemento fundamental para impulsar la innovaci√≥n, buscamos candidatos en funci√≥n de su cualificaci√≥n profesional, independientemente de su raza, color de piel, religi√≥n, edad, sexo, orientaci√≥n sexual, identidad de g√©nero, nacionalidad o discapacidad.\n¬°S√© parte de nuestro equipo!",Desarrollador Frontend Senior- REMOTO,H√≠brido
