Titulo del puesto;Descripcion;Distrito;Modo de trabajo;url
Sorry, you have been blocked;;;;https://www.bumeran.com.pe/empleos-seniority-junior.html?landing-jovenes-profesionales=true
Sorry, you have been blocked;;;;https://www.bumeran.com.pe/empleos-seniority-gerencia-alta-gerencia-direccion.html?landing-puestos-ejecutivos=true
Sorry, you have been blocked;;;;https://www.bumeran.com.pe/empleos.html
Sorry, you have been blocked;;;;https://www.bumeran.com.pe/empleos-area-tecnologia-sistemas-y-telecomunicaciones.html
Sorry, you have been blocked;;;;https://www.bumeran.com.pe/empleos-area-tecnologia-sistemas-y-telecomunicaciones-subarea-programacion.html
Sorry, you have been blocked;;;;https://www.bumeran.com.pe/en-lima/empleos-area-tecnologia-sistemas-y-telecomunicaciones-subarea-programacion.html
Sorry, you have been blocked;;;;https://www.bumeran.com.pe/en-lima/empleos-area-tecnologia-sistemas-y-telecomunicaciones-subarea-programacion-full-time-publicacion-menor-a-15-dias.html?relevantes=true
Sorry, you have been blocked;;;;https://www.bumeran.com.pe/en-lima/empleos-area-tecnologia-sistemas-y-telecomunicaciones-subarea-programacion-full-time-publicacion-menor-a-15-dias.html?recientes=true
Sorry, you have been blocked;;;;https://www.bumeran.com.pe/empleos/software-engineer-senior-grupo-gloria-1117976663.html
Sorry, you have been blocked;;;;https://www.bumeran.com.pe/empleos/programador-frontend-senior-sonda-del-peru-s.a.-1117973000.html
Sorry, you have been blocked;;;;https://www.bumeran.com.pe/empleos/analista-programador-java-1117972678.html
Sorry, you have been blocked;;;;https://www.bumeran.com.pe/empleos/analista-programador-postgre-oracle-hibrido-green-solutions-1117979984.html
Sorry, you have been blocked;;;;https://www.bumeran.com.pe/empleos/analista-programador-sede-ate-bumeran-selecta-1117969140.html
Sorry, you have been blocked;;;;https://www.bumeran.com.pe/empleos/trainee-programador-jr-building-software-1117968407.html
Sorry, you have been blocked;;;;https://www.bumeran.com.pe/empleos/desarrollador-full-stack-node.js-c-java-angularjs-ibr-peru-s.a.-1117967655.html
Sorry, you have been blocked;;;;https://www.bumeran.com.pe/empleos/practicante-pre-profesional-de-automatizacion-canvia-1117980437.html
Sorry, you have been blocked;;;;https://www.bumeran.com.pe/empleos/analista-programador-fullstack-java-hitss-peru-1117980080.html
Sorry, you have been blocked;;;;https://www.bumeran.com.pe/empleos/desarrollador-genexus-remoto-software-enterprise-services-s.a.c.-1117980075.html
Sorry, you have been blocked;;;;https://www.bumeran.com.pe/empleos/analista-programador-.net-sqlserver-integration-quality-project-management-s.a.c.-iq-project-s.a.c.-1117979719.html
Sorry, you have been blocked;;;;https://www.bumeran.com.pe/empleos/programador-electrico-polindustria-s.a-1117979364.html
Sorry, you have been blocked;;;;https://www.bumeran.com.pe/empleos/java-developer-senior-inetum-peru-1117979249.html
Sorry, you have been blocked;;;;https://www.bumeran.com.pe/empleos/senior-react-developer-encora-1117979242.html
Sorry, you have been blocked;;;;https://www.bumeran.com.pe/empleos/desarrollador-backend-semi-senior-metrica-peru-1117979121.html
Sorry, you have been blocked;;;;https://www.bumeran.com.pe/empleos/desarrollador-lider-tecnico-protiviti-peru-1117978985.html
Sorry, you have been blocked;;;;https://www.bumeran.com.pe/empleos/desarrollador-de-integracion-osb-stefanini-peru-s.a-1117978939.html
Sorry, you have been blocked;;;;https://www.bumeran.com.pe/empleos/desarrollador-java-senior-azure-temporal-indra-peru-1117978869.html
Sorry, you have been blocked;;;;https://www.bumeran.com.pe/empleos/analista-desarrollador-java-sector-administracion-de-fondos-colectivos-experis-peru-1117978810.html
Sorry, you have been blocked;;;;https://www.bumeran.com.pe/empleos/desarrollador-full-stack-surco-presencial-well-consulting-services-1117978454.html
Sorry, you have been blocked;;;;https://www.bumeran.com.pe/en-lima/empleos-area-tecnologia-sistemas-y-telecomunicaciones-subarea-programacion-full-time-publicacion-menor-a-15-dias.html
Sorry, you have been blocked;;;;https://www.bumeran.com.pe/en-lima/empleos-area-tecnologia-sistemas-y-telecomunicaciones-subarea-programacion-full-time-publicacion-menor-a-15-dias.html?page=2
Sorry, you have been blocked;;;;https://www.bumeran.com.pe/en-lima/empleos-area-tecnologia-sistemas-y-telecomunicaciones-subarea-programacion-full-time-publicacion-menor-a-15-dias.html?page=3
Sorry, you have been blocked;;;;https://www.bumeran.com.pe/en-lima/empleos-area-tecnologia-sistemas-y-telecomunicaciones-subarea-programacion-full-time-publicacion-menor-a-15-dias.html?page=4
Sorry, you have been blocked;;;;https://www.bumeran.com.pe/en-lima/empleos-area-tecnologia-sistemas-y-telecomunicaciones-subarea-programacion-full-time-publicacion-menor-a-15-dias.html?page=5
Sorry, you have been blocked;;;;https://www.bumeran.com.pe/en-lima/empleos-area-tecnologia-sistemas-y-telecomunicaciones-subarea-programacion-full-time-publicacion-menor-a-15-dias.html?page=6
Sorry, you have been blocked;;;;https://www.bumeran.com.pe/en-lima/lima/empleos-area-tecnologia-sistemas-y-telecomunicaciones-subarea-programacion-full-time-publicacion-menor-a-15-dias.html
Sorry, you have been blocked;;;;https://www.bumeran.com.pe/en-lima/san-isidro/empleos-area-tecnologia-sistemas-y-telecomunicaciones-subarea-programacion-full-time-publicacion-menor-a-15-dias.html
Sorry, you have been blocked;;;;https://www.bumeran.com.pe/en-lima/la-victoria/empleos-area-tecnologia-sistemas-y-telecomunicaciones-subarea-programacion-full-time-publicacion-menor-a-15-dias.html
Sorry, you have been blocked;;;;https://www.bumeran.com.pe/en-lima/san-borja/empleos-area-tecnologia-sistemas-y-telecomunicaciones-subarea-programacion-full-time-publicacion-menor-a-15-dias.html
Sorry, you have been blocked;;;;https://www.bumeran.com.pe/en-lima/cercado-de-lima/empleos-area-tecnologia-sistemas-y-telecomunicaciones-subarea-programacion-full-time-publicacion-menor-a-15-dias.html
Sorry, you have been blocked;;;;https://www.bumeran.com.pe/en-lima/miraflores/empleos-area-tecnologia-sistemas-y-telecomunicaciones-subarea-programacion-full-time-publicacion-menor-a-15-dias.html
Sorry, you have been blocked;;;;https://www.bumeran.com.pe/en-lima/empleos-area-tecnologia-sistemas-y-telecomunicaciones-subarea-programacion-full-time-publicacion-menor-a-15-dias-seniority-semi-sr.html
Sorry, you have been blocked;;;;https://www.bumeran.com.pe/en-lima/empleos-area-tecnologia-sistemas-y-telecomunicaciones-subarea-programacion-full-time-publicacion-menor-a-15-dias-seniority-senior.html
Sorry, you have been blocked;;;;https://www.bumeran.com.pe/en-lima/empleos-area-tecnologia-sistemas-y-telecomunicaciones-subarea-programacion-full-time-publicacion-menor-a-15-dias-seniority-junior.html
Sorry, you have been blocked;;;;https://www.bumeran.com.pe/empleos-busqueda-recursos-humanos.html
Sorry, you have been blocked;;;;https://www.bumeran.com.pe/empleos-busqueda-practicante.html
Sorry, you have been blocked;;;;https://www.bumeran.com.pe/empleos-busqueda-asistente-administrativo.html
Sorry, you have been blocked;;;;https://www.bumeran.com.pe/empleos-busqueda-marketing.html
Sorry, you have been blocked;;;;https://www.bumeran.com.pe/empleos-busqueda-analista.html
Sorry, you have been blocked;;;;https://www.bumeran.com.pe/empleos-busqueda-contador.html
Sorry, you have been blocked;;;;https://www.bumeran.com.pe/empleos-busqueda-compras.html
Sorry, you have been blocked;;;;https://www.bumeran.com.pe/empleos-busqueda-logistica.html
Sorry, you have been blocked;;;;https://www.bumeran.com.pe/empleos-busqueda-atencion-al-cliente.html
Sorry, you have been blocked;;;;https://www.bumeran.com.pe/empleos-busqueda-ingeniero-civil.html
Sorry, you have been blocked;;;;https://www.bumeran.com.pe/empleos-busqueda-gerente.html
Sorry, you have been blocked;;;;https://www.bumeran.com.pe/empleos-busqueda-mineria.html
Sorry, you have been blocked;;;;https://www.bumeran.com.pe/empleos-busqueda-docente.html
Sorry, you have been blocked;;;;https://www.bumeran.com.pe/empleos-busqueda-abogado.html
Sorry, you have been blocked;;;;https://www.bumeran.com.pe/empleos-busqueda-administracion.html
Sorry, you have been blocked;;;;https://www.bumeran.com.pe/empleos-busqueda-psicologo.html
Sorry, you have been blocked;;;;https://www.bumeran.com.pe/en-lima/empleos-area-tecnologia-sistemas-y-telecomunicaciones-subarea-programacion-full-time-publicacion-menor-a-15-dias-pagina-2.html-pagina-2.html?relevantes=true
Sorry, you have been blocked;;;;https://www.bumeran.com.pe/en-lima/empleos-area-tecnologia-sistemas-y-telecomunicaciones-subarea-programacion-full-time-publicacion-menor-a-15-dias-pagina-2.html-pagina-2.html?recientes=true
