subreddit,post_id,title,score,upvote_ratio,num_comments,url
politics,1npfpie,"Fox News' Jesse Watters Calls to 'Bomb' U.N., or 'Maybe Gas It' After Broken Escalator and Teleprompter During Trump's Visit",17958,0.97,1405,https://people.com/jesse-watters-calls-bomb-un-after-teleprompter-escalator-malfunctions-11816183?utm_campaign=peoplemagazine&utm_medium=social&utm_source=reddit.com&utm_content=post
politics,1npoaao,Trump’s Goons Topple 12-Foot Statue of Him and Epstein. | The 12-foot bronze had got a permit from the federal government—but then vanished.,4407,0.99,163,https://www.thedailybeast.com/trump-and-epstein-statue-in-dc-vanishes-despite-legal-permit/
politics,1npdlqs,Trump Threatens Jimmy Kimmel—Again—and Destroys MAGA’s Entire Defense,15785,0.97,895,https://newrepublic.com/post/200844/trump-threatens-jimmy-kimmel-again-return-maga-defense?utm_source=Twitter&utm_term=Autofeed&utm_medium=social&utm_campaign=SF_TNR
politics,1npijg6,Trump’s DOJ May Have Violated Luigi Mangione’s Right to a Fair Trial - A judge found the issue could go as high as Attorney General Pam Bondi.,6320,0.99,417,https://newrepublic.com/post/200870/donald-trump-doj-luigi-mangione-right-fair-trial
politics,1npf5o5,JD Vance Rushes to Exploit ICE Shooting Before Knowing Any Details,9523,0.97,884,https://newrepublic.com/post/200857/jd-vance-kristi-noem-dallas-ice-shooting
politics,1nphqzs,"Justice Dept officials' statements on Luigi Mangione broke court rules, judge says",5434,0.99,305,https://www.reuters.com/legal/government/justice-dept-officials-statements-luigi-mangione-broke-court-rules-judge-says-2025-09-24/
politics,1np9hz9,Turns Out Trump’s Own Team Messed Up U.N. Escalator and Teleprompter,49450,0.95,1708,https://newrepublic.com/post/200833/trump-team-messed-up-un-escalator-teleprompter
politics,1npm8dj,Man Who Called Trump “Hitler” Lectures Us on Calling People Nazis,2669,0.98,72,https://newrepublic.com/post/200896/jd-vance-donald-trump-hitler-lectures-calling-people-nazis
politics,1nphzdm,Fawning MAGA Senator Pushes Trump to Seek Illegal Third Term,3529,0.96,333,https://www.thedailybeast.com/maga-senator-pushes-trump-to-seek-illegal-third-term-i-hope-this-never-ends/
politics,1npdzg6,Epstein Files Incoming?!? House Finally Has Magic Number To Demand Docs.,4056,0.99,182,https://www.huffpost.com/entry/special-election-result-epstein-files_n_68d39b05e4b0ae58bfe9cb36/
politics,1npf6pn,"California Gov. Gavin Newsom tells Stephen Colbert ""I fear we will not have an election in 2028 unless we wake up""",2817,0.98,230,https://www.cbsnews.com/amp/sacramento/news/gavin-newsom-late-show-stephen-colbert-trump/
politics,1npn3wu,Massie says he has the signatures to force US House vote on releasing Epstein files,1073,0.99,38,https://kentuckylantern.com/2025/09/24/massie-says-he-has-the-votes-needed-to-force-u-s-house-vote-on-releasing-epstein-files/
politics,1npozut,Keystone Kash Faces Backlash Over ICE Bullet Sharpie Post,850,0.97,233,https://www.thedailybeast.com/keystone-kash-faces-backlash-over-ice-bullet-sharpie-post/?utm_source=twitter_owned_tdb&utm_medium=socialflow&utm_campaign=owned_social&via=twitter_page
politics,1nplo90,"Former FBI director Comey to be indicted in Virginia soon, MSNBC reports",1170,0.97,358,https://www.reuters.com/world/us/former-fbi-director-comey-be-indicted-virginia-soon-msnbc-reports-2025-09-24/
politics,1npafpt,Dem's Victory Sets the Stage for Trump’s Epstein Files Nightmare,4167,0.98,188,https://www.thedailybeast.com/democrat-adelita-grijalvas-victory-sets-the-stage-for-donald-trumps-jeffrey-epstein-files-nightmare/?utm_campaign=owned_social&via=twitter_page&utm_source=twitter_owned_tdb&utm_medium=socialflow
politics,1npero4,Trump’s Thirst for Being Filmed Caused Escalatorgate,2351,0.97,182,https://www.thedailybeast.com/trumps-thirst-for-being-filmed-caused-escalatorgate-un-says/
politics,1npab1d,"Trump Loses It Over Jimmy Kimmel's Return In Unhinged New Rant, Then Threatens ABC | Trump warned of legal action against the network for allowing the host back on TV.",3793,0.97,323,https://www.huffpost.com/entry/trump-threat-kimmel-return_n_68d35c11e4b0ae58bfe9aa75
politics,1nphatq,"After Meeting With Alex Jones, Top DOJ Official Threatens Sandy Hook First Responder With Criminal Probe",1482,0.97,90,https://www.democracydocket.com/news-alerts/ed-martin-doj-threat-sandy-hook-fbi-agent-alex-jones/
politics,1np68ig,"Jimmy Kimmel Doesn’t Spare Trump As He Returns to ABC: “He tried his best to cancel me,” said Kimmel in his first monologue since his suspension. “Instead, he forced millions of people to watch the show. That backfired bigly.”",8214,0.98,256,https://www.vanityfair.com/hollywood/story/jimmy-kimmel-returns-monologue-trump
politics,1npmgmc,Trump's U.N. speech was mortifying for America,763,0.97,125,https://www.msnbc.com/opinion/msnbc-opinion/trump-un-speech-peace-hell-rcna233283
PoliticalDiscussion,1bwbuka,Casual Questions Thread,90,0.99,8539,https://www.reddit.com/r/PoliticalDiscussion/comments/1bwbuka/casual_questions_thread/
PoliticalDiscussion,1np1rv1,"Donald Trump now claims to have learned that Ukraine with the help of Europe and particularly its NATO allies can not only retake all its territories but perhaps even more; Calling Russia a ""Paper Tiger."" Is the Alaskan Summit goals for peace between Ukraine and Russia now completely dead?",483,0.98,117,https://www.reddit.com/r/PoliticalDiscussion/comments/1np1rv1/donald_trump_now_claims_to_have_learned_that/
PoliticalDiscussion,1nponax,What would be the political implications of Andrew Cuomo winning the NYC mayoral election?,0,0.5,4,https://www.reddit.com/r/PoliticalDiscussion/comments/1nponax/what_would_be_the_political_implications_of/
PoliticalDiscussion,1nnuiew,"Why is the government about to announce guidance tying prenatal Tylenol use to autism, a move reportedly championed by HHS Secretary Robert F. Kennedy Jr. ?",438,0.95,297,https://www.reddit.com/r/PoliticalDiscussion/comments/1nnuiew/why_is_the_government_about_to_announce_guidance/
PoliticalDiscussion,1nnpbbf,"Why are American conservatives (Trump) so popular in Israel, whereas American Jews are predominantly Democrat?",330,0.92,184,https://www.reddit.com/r/PoliticalDiscussion/comments/1nnpbbf/why_are_american_conservatives_trump_so_popular/
PoliticalDiscussion,1noqumx,"If Perot won 1992 and ran for re-election in 1996, would he do better if his two opponents were both extremists (e.g. Pat Buchanan and Ralph Nader) or would he do better if his opponents were both moderates (e.g. Colin Powell and Lloyd Bensten)?",0,0.39,15,https://www.reddit.com/r/PoliticalDiscussion/comments/1noqumx/if_perot_won_1992_and_ran_for_reelection_in_1996/
PoliticalDiscussion,1nn6k1v,Trump says the tariffs are working and the US is getting richer from it. Is that true?,286,0.81,394,https://www.reddit.com/r/PoliticalDiscussion/comments/1nn6k1v/trump_says_the_tariffs_are_working_and_the_us_is/
PoliticalDiscussion,1nohtk6,Will the Democratic Party be forced to adopt some anti-immigration policies to return to power?,0,0.46,172,https://www.reddit.com/r/PoliticalDiscussion/comments/1nohtk6/will_the_democratic_party_be_forced_to_adopt_some/
PoliticalDiscussion,1nmzepf,"UK, Canada, and Australia formally recognize Palestine — what does this mean for global diplomacy?",72,0.9,207,https://www.reddit.com/r/PoliticalDiscussion/comments/1nmzepf/uk_canada_and_australia_formally_recognize/
PoliticalDiscussion,1no63e2,Would it be better for US President (or other World Leaders) to not tie themselves to a political party ?,0,0.23,10,https://www.reddit.com/r/PoliticalDiscussion/comments/1no63e2/would_it_be_better_for_us_president_or_other/
PoliticalDiscussion,1nnu2r8,Do you think Democrats should change their federal platform?,0,0.32,81,https://www.reddit.com/r/PoliticalDiscussion/comments/1nnu2r8/do_you_think_democrats_should_change_their/
PoliticalDiscussion,1nmo35z,"Do oppressed groups have a duty, not just a right, to resist systemic threats, and if so, what methods are justified?",0,0.35,65,https://www.reddit.com/r/PoliticalDiscussion/comments/1nmo35z/do_oppressed_groups_have_a_duty_not_just_a_right/
PoliticalDiscussion,1nlal7x,Is using military force against suspected drug-trafficking boats constitutional or an overreach of presidential power?,139,0.91,277,https://www.reddit.com/r/PoliticalDiscussion/comments/1nlal7x/is_using_military_force_against_suspected/
PoliticalDiscussion,1nl6nez,"What are your thoughts on the FCC's crackdown on Jimmy Kimmel, Stephen Colbert and free speech in general?",163,0.82,278,https://www.reddit.com/r/PoliticalDiscussion/comments/1nl6nez/what_are_your_thoughts_on_the_fccs_crackdown_on/
PoliticalDiscussion,1nl0uwa,"When Putin came to power in the 2000s his administration critiqued a puppet show mocking politicians openly. 2 years later the puppet show was taken down, do you see parallels with the events we are currently on?",148,0.91,27,https://www.reddit.com/r/PoliticalDiscussion/comments/1nl0uwa/when_putin_came_to_power_in_the_2000s_his/
PoliticalDiscussion,1nl71xy,"Has US political support for Israel become a kind of cult, and how does Reagan’s 1982 diary entry highlight the difference between then and now?",43,0.66,66,https://www.reddit.com/r/PoliticalDiscussion/comments/1nl71xy/has_us_political_support_for_israel_become_a_kind/
PoliticalDiscussion,1nl4px7,"Do you think the majority of Americans aren't hyper-partisan/tribal, or has that ship sailed?",56,0.81,185,https://www.reddit.com/r/PoliticalDiscussion/comments/1nl4px7/do_you_think_the_majority_of_americans_arent/
PoliticalDiscussion,1nm2c8v,"What is ""fair"" for taxes?",0,0.45,218,https://www.reddit.com/r/PoliticalDiscussion/comments/1nm2c8v/what_is_fair_for_taxes/
PoliticalDiscussion,1nkroke,Current Leaders Of The Democratic Party?,78,0.83,205,https://www.reddit.com/r/PoliticalDiscussion/comments/1nkroke/current_leaders_of_the_democratic_party/
PoliticalDiscussion,1nkeu1q,Americas Reichstag fire?,331,0.83,393,https://www.reddit.com/r/PoliticalDiscussion/comments/1nkeu1q/americas_reichstag_fire/
worldnews,1np2gzu,"/r/WorldNews Live Thread: Russian Invasion of Ukraine Day 1308, Part 1 (Thread #1455)",554,0.98,153,https://www.reddit.com/live/18hnzysb1elcs
worldnews,1np9ix2,Huntington's disease successfully treated for the first time.,22399,0.98,458,https://www.bbc.com/news/articles/cevz13xkxpro
worldnews,1npd091,"'Roger that' — Poland, Estonia welcome Trump's calls to shoot down Russian jets",8326,0.98,302,https://kyivindependent.com/poland-estonia-react-to-trumps-calls-to-shoot-down-russian-fighter-jets/
worldnews,1npp67c,"Shooting down Russian jets ‘on the table,’ von der Leyen says",903,0.98,55,https://www.politico.eu/article/ursula-von-der-leyen-russia-nato-airspace/
worldnews,1np774n,Italy to recognize Palestine only if Hamas is excluded and all hostages freed,10268,0.94,590,https://www.jpost.com/international/article-868429
worldnews,1npb9h1,Hamas fires on IDF troops from Gaza’s largest hospital as Israeli forces advance,3084,0.8,677,https://www.ynetnews.com/article/hj7wd8b2gg#autoplay
worldnews,1npd975,Russia Delivers MiG-29 Jets to Iran Air Force,2225,0.96,203,https://www.newsweek.com/russia-delivers-mig-29-jets-iran-air-force-10479982?utm_source=reddit&utm_campaign=reddit_influencers
worldnews,1np6nt3,New Zealand loosens residency restrictions as record number of citizens leave,6251,0.98,605,https://www.theguardian.com/world/2025/sep/23/new-zealand-visa-country-loosens-residency-restrictions-record-numbers-of-citizens-leave
worldnews,1npe400,Ukraine Hits Black Sea Fleet in Novorossiysk as Chaos Reported Across Russian Black Sea Regions,1494,0.98,25,https://www.kyivpost.com/post/60783
worldnews,1npedbc,Ukraine’s president says the world is in ‘the most destructive arms race in history’,1372,0.97,56,https://apnews.com/article/ukraine-zelenskyy-unga-united-nations-russia-ce276671d255befeba10a324caf2a7e5
worldnews,1np5s9g,‘We Can’t Just Swap Territories’: Zelensky Says Trump Finally Understands Ukraine’s Position,5622,0.98,159,https://www.kyivpost.com/post/60744
worldnews,1np0yfb,"'Your countries are being ruined' by migration, Trump tells Europe at the UN",23232,0.92,1449,https://www.euronews.com/2025/09/23/your-countries-are-being-ruined-by-migration-trump-tells-europe
worldnews,1np9175,"Russia to Trump: We’re a real bear, not a paper tiger",2409,0.92,449,https://www.politico.eu/article/russia-donald-trump-comments-real-bear-not-paper-tiger/
worldnews,1npg61a,Hamas reportedly preparing for street-to-street fighting as Israeli forces near Gaza City centre,882,0.9,244,https://www.bbc.co.uk/news/articles/c4gk9dreldxo
worldnews,1np3pu8,Zelenskyy: Putin’s Russia is nothing without China,4816,0.97,167,https://www.pravda.com.ua/eng/news/2025/09/24/7532212
worldnews,1npfv7s,"US ready to support Argentina with $20 billion swap line, Bessent says",564,0.93,148,https://www.reuters.com/world/americas/us-ready-support-argentina-needed-bessent-says-2025-09-24/
worldnews,1np6vi6,"Over 1,000 people executed by Islamic regime over past nine months, human rights org. claims",2104,0.89,252,https://www.jpost.com/middle-east/iran-news/article-868440
worldnews,1npimqh,At least 20 people reported injured after drone strike on Israeli city of Eilat | Israel,368,0.85,83,https://www.theguardian.com/world/2025/sep/24/people-injured-drone-strike-israel-eilat
worldnews,1npiiqq,‘Weapons Decide Who Survives’ – Zelensky Tells UN That International Institutions Have Failed,356,0.96,13,https://www.kyivpost.com/post/60795
worldnews,1np3d8z,Trump says NATO should shoot down Russian aircraft violating its airspace,3366,0.97,176,https://www.pravda.com.ua/eng/news/2025/09/23/7532185/
